Affenpinscher Mix,6
Afghan Hound Mix,1
Airedale Terrier,1
Airedale Terrier Mix,5
Airedale Terrier/Labrador Retriever,1
Airedale Terrier/Miniature Schnauzer,1
Akita,3
Akita Mix,11
Akita/Australian Cattle Dog,1
Akita/Chow Chow,1
Akita/German Shepherd,1
Akita/Labrador Retriever,1
Akita/Pit Bull,1
Akita/Siberian Husky,2
Alaskan Husky,2
Alaskan Husky Mix,10
Alaskan Husky/Australian Shepherd,2
Alaskan Husky/Border Collie,1
Alaskan Husky/German Shepherd,1
Alaskan Malamute,1
Alaskan Malamute Mix,5
Alaskan Malamute/Akita,1
Alaskan Malamute/Australian Kelpie,1
Alaskan Malamute/Border Collie,2
Alaskan Malamute/German Shepherd,1
American Bulldog,6
American Bulldog Mix,109
American Bulldog/American Staffordshire Terrier,1
American Bulldog/Chinese Sharpei,1
American Bulldog/Great Pyrenees,1
American Bulldog/Labrador Retriever,3
American Bulldog/Mastiff,2
American Bulldog/Pit Bull,4
American Bulldog/Pointer,2
American Bulldog/Schnauzer Giant,1
American Eskimo,2
American Eskimo Mix,9
American Eskimo/Australian Shepherd,1
American Eskimo/Border Collie,2
American Foxhound,1
American Foxhound Mix,2
American Foxhound/Labrador Retriever,1
American Foxhound/Pointer,1
American Pit Bull Terrier,5
American Pit Bull Terrier Mix,68
American Pit Bull Terrier/American Bulldog,1
American Pit Bull Terrier/American Pit Bull Terrier,1
American Pit Bull Terrier/Boxer,2
American Pit Bull Terrier/Catahoula,2
American Pit Bull Terrier/Chinese Sharpei,1
American Pit Bull Terrier/Labrador Retriever,2
American Pit Bull Terrier/Pointer,1
American Staffordshire Terrier,12
American Staffordshire Terrier Mix,92
American Staffordshire Terrier/American Bulldog,1
American Staffordshire Terrier/French Bulldog,1
American Staffordshire Terrier/Labrador Retriever,3
American Staffordshire Terrier/Plott Hound,1
Anatol Shepherd,12
Anatol Shepherd Mix,76
Anatol Shepherd/Australian Cattle Dog,2
Anatol Shepherd/Australian Shepherd,1
Anatol Shepherd/Border Collie,4
Anatol Shepherd/Catahoula,2
Anatol Shepherd/Collie Rough,1
Anatol Shepherd/German Shepherd,1
Anatol Shepherd/Great Pyrenees,6
Anatol Shepherd/Labrador Retriever,8
Anatol Shepherd/Redbone Hound,4
Anatol Shepherd/Siberian Husky,1
Australian Cattle Dog,25
Australian Cattle Dog Mix,367
Australian Cattle Dog/Akita,2
Australian Cattle Dog/Alaskan Husky,2
Australian Cattle Dog/American Foxhound,1
Australian Cattle Dog/American Staffordshire Terrier,1
Australian Cattle Dog/Anatol Shepherd,2
Australian Cattle Dog/Australian Shepherd,2
Australian Cattle Dog/Basenji,1
Australian Cattle Dog/Beagle,5
Australian Cattle Dog/Belgian Malinois,1
Australian Cattle Dog/Bloodhound,2
Australian Cattle Dog/Border Collie,10
Australian Cattle Dog/Boxer,3
Australian Cattle Dog/Bull Terrier,2
Australian Cattle Dog/Cardigan Welsh Corgi,3
Australian Cattle Dog/Catahoula,3
Australian Cattle Dog/Chinese Sharpei,2
Australian Cattle Dog/Chow Chow,3
Australian Cattle Dog/Collie Rough,1
Australian Cattle Dog/Collie Smooth,1
Australian Cattle Dog/Dachshund,1
Australian Cattle Dog/Dalmatian,1
Australian Cattle Dog/German Shepherd,8
Australian Cattle Dog/German Shorthair Pointer,1
Australian Cattle Dog/Golden Retriever,1
Australian Cattle Dog/Great Pyrenees,1
Australian Cattle Dog/Jack Russell Terrier,3
Australian Cattle Dog/Labrador Retriever,31
Australian Cattle Dog/Parson Russell Terrier,1
Australian Cattle Dog/Pembroke Welsh Corgi,2
Australian Cattle Dog/Pit Bull,9
Australian Cattle Dog/Plott Hound,2
Australian Cattle Dog/Pointer,5
Australian Cattle Dog/Queensland Heeler,1
Australian Cattle Dog/Rat Terrier,1
Australian Cattle Dog/Rhod Ridgeback,1
Australian Cattle Dog/Staffordshire,3
Australian Kelpie,6
Australian Kelpie Mix,95
Australian Kelpie/Alaskan Husky,1
Australian Kelpie/American Pit Bull Terrier,1
Australian Kelpie/Australian Shepherd,2
Australian Kelpie/Blue Lacy,2
Australian Kelpie/Chihuahua Shorthair,1
Australian Kelpie/Chinese Sharpei,1
Australian Kelpie/Finnish Spitz,1
Australian Kelpie/Labrador Retriever,1
Australian Kelpie/Pit Bull,3
Australian Kelpie/Shiba Inu,1
Australian Kelpie/Whippet,1
Australian Shepherd,14
Australian Shepherd Mix,163
Australian Shepherd/Alaskan Malamute,1
Australian Shepherd/Anatol Shepherd,6
Australian Shepherd/Australian Cattle Dog,6
Australian Shepherd/Australian Kelpie,1
Australian Shepherd/Beagle,1
Australian Shepherd/Border Collie,6
Australian Shepherd/Boxer,1
Australian Shepherd/Chihuahua Shorthair,3
Australian Shepherd/Chow Chow,3
Australian Shepherd/Cocker Spaniel,2
Australian Shepherd/Dachshund,1
Australian Shepherd/English Setter,1
Australian Shepherd/English Springer Spaniel,1
Australian Shepherd/Labrador Retriever,12
Australian Shepherd/Nova Scotia Duck Tolling Retriever,1
Australian Shepherd/Parson Russell Terrier,1
Australian Shepherd/Pit Bull,1
Australian Shepherd/Plott Hound,1
Australian Shepherd/Rhod Ridgeback,1
Australian Shepherd/Rottweiler,1
Australian Shepherd/Siberian Husky,1
Australian Terrier Mix,4
Basenji Mix,11
Basenji/Australian Cattle Dog,2
Basenji/Chihuahua Longhair,2
Basenji/Chihuahua Shorthair,1
Basenji/Chow Chow,1
Basenji/Jack Russell Terrier,1
Basset Hound,15
Basset Hound Mix,43
Basset Hound/Australian Cattle Dog,2
Basset Hound/Beagle,2
Basset Hound/Beauceron,1
Basset Hound/Dachshund,1
Basset Hound/English Cocker Spaniel,1
Basset Hound/English Pointer,1
Basset Hound/Labrador Retriever,3
Basset Hound/Pit Bull,1
Basset Hound/Pointer,1
Beagle,22
Beagle Mix,124
Beagle/American Staffordshire Terrier,1
Beagle/Australian Cattle Dog,1
Beagle/Australian Kelpie,1
Beagle/Basset Hound,4
Beagle/Black Mouth Cur,1
Beagle/Boston Terrier,1
Beagle/Boxer,4
Beagle/Cavalier Span,1
Beagle/Chihuahua Shorthair,15
Beagle/Chinese Sharpei,1
Beagle/Cocker Spaniel,1
Beagle/Dachshund,9
Beagle/German Shepherd,8
Beagle/Jack Russell Terrier,1
Beagle/Labrador Retriever,8
Beagle/Manchester Terrier,1
Beagle/Pembroke Welsh Corgi,1
Beagle/Pit Bull,1
Beagle/Pointer,2
Beagle/Pug,4
Beagle/Queensland Heeler,1
Beagle/Rat Terrier,2
Beagle/Staffordshire,1
Beagle/Standard Poodle,2
Beagle/Treeing Walker Coonhound,1
Beagle/Whippet,1
Bearded Collie Mix,2
Beauceron,1
Beauceron Mix,11
Bedlington Terr Mix,3
Belgian Malinois,2
Belgian Malinois Mix,15
Belgian Malinois/Australian Shepherd,1
Belgian Sheepdog,1
Belgian Sheepdog Mix,2
Belgian Tervuren Mix,1
Belgian Tervuren/German Shepherd,1
Bernese Mountain Dog,2
Bernese Mountain Dog Mix,6
Bernese Mountain Dog/Rottweiler,1
Bichon Frise,5
Bichon Frise Mix,14
Bichon Frise/Miniature Poodle,1
Black Mouth Cur,5
Black Mouth Cur Mix,63
Black Mouth Cur/American Staffordshire Terrier,1
Black Mouth Cur/Australian Cattle Dog,3
Black Mouth Cur/Basset Hound,1
Black Mouth Cur/Blue Lacy,1
Black Mouth Cur/Boxer,2
Black Mouth Cur/Catahoula,4
Black Mouth Cur/Dachshund,2
Black Mouth Cur/German Shepherd,3
Black Mouth Cur/Labrador Retriever,2
Black Mouth Cur/Mastiff,1
Black Mouth Cur/Staffordshire,1
Black/Tan Hound,3
Black/Tan Hound Mix,18
Black/Tan Hound/Black Mouth Cur,2
Black/Tan Hound/German Shepherd,1
Black/Tan Hound/Labrador Retriever,1
Bloodhound,1
Bloodhound Mix,7
Blue Lacy,4
Blue Lacy Mix,39
Blue Lacy/American Bulldog,6
Blue Lacy/Australian Kelpie,3
Blue Lacy/Beagle,1
Blue Lacy/Collie Smooth,1
Blue Lacy/Great Dane,1
Blue Lacy/Labrador Retriever,1
Blue Lacy/Pit Bull,3
Bluetick Hound,1
Bluetick Hound Mix,5
Bluetick Hound/Treeing Walker Coonhound,1
Boerboel,1
Boerboel Mix,3
Border Collie,17
Border Collie Mix,229
Border Collie/Akita,2
Border Collie/Alaskan Husky,1
Border Collie/Anatol Shepherd,1
Border Collie/Australian Cattle Dog,5
Border Collie/Australian Shepherd,3
Border Collie/Basenji,2
Border Collie/Beagle,1
Border Collie/Boxer,3
Border Collie/Canaan Dog,1
Border Collie/Catahoula,2
Border Collie/Chow Chow,4
Border Collie/Dachshund,2
Border Collie/Doberman Pinsch,1
Border Collie/English Pointer,1
Border Collie/German Shepherd,7
Border Collie/Great Dane,1
Border Collie/Great Pyrenees,9
Border Collie/Greyhound,1
Border Collie/Labrador Retriever,29
Border Collie/Mastiff,1
Border Collie/Parson Russell Terrier,2
Border Collie/Pit Bull,2
Border Collie/Plott Hound,1
Border Collie/Pointer,1
Border Collie/Queensland Heeler,1
Border Collie/Rottweiler,1
Border Collie/Shetland Sheepdog,1
Border Collie/Standard Schnauzer,1
Border Collie/Whippet,1
Border Terrier,1
Border Terrier Mix,30
Border Terrier/Affenpinscher,1
Border Terrier/Bruss Griffon,1
Border Terrier/Cardigan Welsh Corgi,1
Border Terrier/Chihuahua Longhair,1
Border Terrier/Chihuahua Shorthair,5
Border Terrier/Dachshund,1
Border Terrier/Dachshund Wirehair,1
Border Terrier/Labrador Retriever,1
Border Terrier/Miniature Poodle,1
Border Terrier/Miniature Schnauzer,1
Border Terrier/Pug,1
Border Terrier/Rat Terrier,1
Border Terrier/Shih Tzu,1
Border Terrier/Soft Coated Wheaten Terrier,1
Border Terrier/West Highland,1
Border Terrier/Yorkshire Terrier,3
Boston Terrier,13
Boston Terrier Mix,42
Boston Terrier/Beagle,1
Boston Terrier/Chihuahua Shorthair,6
Boston Terrier/Dachshund,1
Boston Terrier/Labrador Retriever,1
Boston Terrier/Miniature Schnauzer,1
Boston Terrier/Pit Bull,1
Boston Terrier/Pug,1
Boxer,30
Boxer Mix,245
Boxer/Akita,1
Boxer/American Bulldog,3
Boxer/American Pit Bull Terrier,1
Boxer/American Staffordshire Terrier,3
Boxer/Australian Cattle Dog,4
Boxer/Beagle,4
Boxer/Black Mouth Cur,3
Boxer/Boston Terrier,1
Boxer/Bulldog,1
Boxer/Catahoula,6
Boxer/Chinese Sharpei,2
Boxer/Chow Chow,1
Boxer/English Bulldog,2
Boxer/German Shepherd,1
Boxer/Great Dane,2
Boxer/Harrier,1
Boxer/Jack Russell Terrier,1
Boxer/Labrador Retriever,15
Boxer/Mastiff,1
Boxer/Miniature Poodle,2
Boxer/Neapolitan Mastiff,1
Boxer/Pit Bull,20
Boxer/Pointer,2
Boxer/Redbone Hound,1
Boxer/Rhod Ridgeback,2
Boxer/Staffordshire,4
Boykin Span Mix,3
Boykin Span/Dachshund,1
Brittany,2
Brittany Mix,6
Brittany/Chihuahua Shorthair,1
Brittany/Labrador Retriever,2
Bruss Griffon,1
Bruss Griffon Mix,20
Bruss Griffon/Cairn Terrier,1
Bruss Griffon/Chihuahua Shorthair,2
Bruss Griffon/Dachshund,1
Bruss Griffon/Yorkshire Terrier,1
Bull Terrier,7
Bull Terrier Miniature,1
Bull Terrier Miniature Mix,2
Bull Terrier Mix,27
Bull Terrier/Australian Kelpie,1
Bull Terrier/Boxer,1
Bull Terrier/Jack Russell Terrier,1
Bull Terrier/Pit Bull,1
Bulldog,1
Bulldog Mix,11
Bulldog/Boston Terrier,1
Bulldog/Pit Bull,1
Bullmastiff,2
Bullmastiff Mix,8
Bullmastiff/Boxer,1
Cairn Terrier,10
Cairn Terrier Mix,102
Cairn Terrier/Affenpinscher,1
Cairn Terrier/Border Collie,2
Cairn Terrier/Chihuahua Longhair,1
Cairn Terrier/Chihuahua Shorthair,13
Cairn Terrier/Dachshund,3
Cairn Terrier/Miniature Poodle,1
Cairn Terrier/Miniature Schnauzer,2
Cairn Terrier/Scottish Terrier,1
Cairn Terrier/Shih Tzu,1
Cairn Terrier/Yorkshire Terrier,5
Canaan Dog Mix,3
Canaan Dog/Pit Bull,1
Canaan Dog/Redbone Hound,1
Cane Corso,3
Cane Corso Mix,4
Cane Corso/Mastiff,1
Cardigan Welsh Corgi,1
Cardigan Welsh Corgi Mix,54
Cardigan Welsh Corgi/Australian Cattle Dog,4
Cardigan Welsh Corgi/Australian Kelpie,1
Cardigan Welsh Corgi/Australian Shepherd,1
Cardigan Welsh Corgi/Beagle,1
Cardigan Welsh Corgi/Cairn Terrier,1
Cardigan Welsh Corgi/Cardigan Welsh Corgi,1
Cardigan Welsh Corgi/Chihuahua Longhair,1
Cardigan Welsh Corgi/Chihuahua Shorthair,10
Cardigan Welsh Corgi/Cocker Spaniel,2
Cardigan Welsh Corgi/English Setter,1
Cardigan Welsh Corgi/German Shepherd,1
Cardigan Welsh Corgi/Jack Russell Terrier,1
Cardigan Welsh Corgi/Miniature Pinscher,1
Cardigan Welsh Corgi/Pit Bull,1
Cardigan Welsh Corgi/Pointer,1
Cardigan Welsh Corgi/Rat Terrier,1
Carolina Dog,1
Carolina Dog Mix,39
Carolina Dog/Australian Cattle Dog,1
Carolina Dog/Chihuahua Shorthair,4
Carolina Dog/Labrador Retriever,2
Carolina Dog/Pit Bull,1
Catahoula,6
Catahoula Mix,157
Catahoula/Alaskan Husky,2
Catahoula/American Bulldog,1
Catahoula/American Pit Bull Terrier,1
Catahoula/Anatol Shepherd,2
Catahoula/Australian Cattle Dog,6
Catahoula/Australian Shepherd,1
Catahoula/Beagle,2
Catahoula/Black Mouth Cur,1
Catahoula/Border Collie,1
Catahoula/Boxer,2
Catahoula/Bulldog,1
Catahoula/Cardigan Welsh Corgi,2
Catahoula/Chinese Sharpei,2
Catahoula/Chow Chow,1
Catahoula/German Shepherd,1
Catahoula/Great Dane,1
Catahoula/Labrador Retriever,12
Catahoula/Pit Bull,5
Catahoula/Plott Hound,3
Catahoula/Pointer,5
Catahoula/Rottweiler,1
Catahoula/Staffordshire,1
Catahoula/Whippet,1
Cavalier Span,2
Cavalier Span Mix,8
Cavalier Span/Jack Russell Terrier,1
Cavalier Span/Papillon,1
Chesa Bay Retr,1
Chesa Bay Retr Mix,12
Chihuahua Longhair,9
Chihuahua Longhair Mix,142
Chihuahua Longhair/Cairn Terrier,3
Chihuahua Longhair/Cardigan Welsh Corgi,2
Chihuahua Longhair/Dachshund,2
Chihuahua Longhair/Italian Greyhound,1
Chihuahua Longhair/Maltese,2
Chihuahua Longhair/Papillon,1
Chihuahua Longhair/Pekingese,2
Chihuahua Longhair/Pomeranian,2
Chihuahua Longhair/Pug,1
Chihuahua Longhair/West Highland,1
Chihuahua Shorthair,85
Chihuahua Shorthair Mix,1766
Chihuahua Shorthair/Affenpinscher,1
Chihuahua Shorthair/Australian Cattle Dog,2
Chihuahua Shorthair/Basset Hound,2
Chihuahua Shorthair/Beagle,10
Chihuahua Shorthair/Border Terrier,6
Chihuahua Shorthair/Boston Terrier,7
Chihuahua Shorthair/Boxer,1
Chihuahua Shorthair/Cairn Terrier,10
Chihuahua Shorthair/Cardigan Welsh Corgi,18
Chihuahua Shorthair/Cavalier Span,1
Chihuahua Shorthair/Chinese Sharpei,2
Chihuahua Shorthair/Cocker Spaniel,1
Chihuahua Shorthair/Dachshund,98
Chihuahua Shorthair/Dachshund Wirehair,4
Chihuahua Shorthair/Finnish Spitz,1
Chihuahua Shorthair/French Bulldog,1
Chihuahua Shorthair/German Shepherd,2
Chihuahua Shorthair/Italian Greyhound,6
Chihuahua Shorthair/Jack Russell Terrier,24
Chihuahua Shorthair/Lhasa Apso,1
Chihuahua Shorthair/Manchester Terrier,3
Chihuahua Shorthair/Miniature Pinscher,9
Chihuahua Shorthair/Miniature Schnauzer,5
Chihuahua Shorthair/Parson Russell Terrier,1
Chihuahua Shorthair/Pekingese,1
Chihuahua Shorthair/Pembroke Welsh Corgi,1
Chihuahua Shorthair/Pit Bull,4
Chihuahua Shorthair/Pomeranian,7
Chihuahua Shorthair/Pug,18
Chihuahua Shorthair/Queensland Heeler,1
Chihuahua Shorthair/Rat Terrier,22
Chihuahua Shorthair/Schipperke,1
Chihuahua Shorthair/Shetland Sheepdog,1
Chihuahua Shorthair/Shih Tzu,1
Chihuahua Shorthair/Smooth Fox Terrier,1
Chihuahua Shorthair/Toy Fox Terrier,2
Chihuahua Shorthair/Welsh Terrier,2
Chihuahua Shorthair/Whippet,2
Chihuahua Shorthair/Wire Hair Fox Terrier,3
Chihuahua Shorthair/Yorkshire Terrier,11
Chinese Crested Mix,3
Chinese Crested/Chihuahua Longhair,1
Chinese Crested/Papillon,1
Chinese Sharpei,8
Chinese Sharpei Mix,25
Chinese Sharpei/Airedale Terrier,1
Chinese Sharpei/Australian Cattle Dog,1
Chinese Sharpei/Basset Hound,1
Chinese Sharpei/Border Collie,2
Chinese Sharpei/Great Dane,1
Chinese Sharpei/Labrador Retriever,3
Chinese Sharpei/Pit Bull,1
Chow Chow,5
Chow Chow Mix,57
Chow Chow/Australian Cattle Dog,5
Chow Chow/Australian Kelpie,1
Chow Chow/Basset Hound,3
Chow Chow/Border Collie,1
Chow Chow/Cardigan Welsh Corgi,1
Chow Chow/Chinese Sharpei,2
Chow Chow/English Cocker Spaniel,1
Chow Chow/German Shepherd,4
Chow Chow/Golden Retriever,2
Chow Chow/Labrador Retriever,7
Chow Chow/Pit Bull,5
Chow Chow/Siberian Husky,1
Cocker Spaniel,20
Cocker Spaniel Mix,44
Cocker Spaniel/Australian Shepherd,1
Cocker Spaniel/Chihuahua Longhair,1
Cocker Spaniel/Chihuahua Shorthair,2
Cocker Spaniel/Dachshund,2
Cocker Spaniel/Golden Retriever,1
Cocker Spaniel/Labrador Retriever,7
Cocker Spaniel/Miniature Poodle,4
Cocker Spaniel/Standard Poodle,1
Cocker Spaniel/Toy Poodle,1
Collie Rough,1
Collie Rough Mix,9
Collie Rough/Australian Cattle Dog,1
Collie Rough/Australian Shepherd,2
Collie Rough/Chinese Sharpei,1
Collie Rough/German Shepherd,1
Collie Rough/Labrador Retriever,2
Collie Rough/Pembroke Welsh Corgi,1
Collie Rough/Pointer,1
Collie Smooth,1
Collie Smooth Mix,29
Collie Smooth/Chow Chow,1
Collie Smooth/German Shepherd,2
Collie Smooth/Golden Retriever,1
Collie Smooth/Jack Russell Terrier,1
Collie Smooth/Labrador Retriever,7
Collie Smooth/Siberian Husky,1
Dachshund,46
Dachshund Longhair,9
Dachshund Longhair Mix,32
Dachshund Longhair/Australian Shepherd,1
Dachshund Longhair/Cairn Terrier,1
Dachshund Longhair/Cardigan Welsh Corgi,2
Dachshund Longhair/Chihuahua Longhair,1
Dachshund Longhair/Chihuahua Shorthair,2
Dachshund Longhair/Cocker Spaniel,2
Dachshund Longhair/Miniature Schnauzer,2
Dachshund Longhair/Pembroke Welsh Corgi,1
Dachshund Longhair/Pomeranian,1
Dachshund Mix,318
Dachshund Wirehair,3
Dachshund Wirehair Mix,23
Dachshund Wirehair/Border Terrier,3
Dachshund Wirehair/Cairn Terrier,1
Dachshund Wirehair/Chihuahua Longhair,2
Dachshund Wirehair/Chihuahua Shorthair,10
Dachshund Wirehair/Miniature Poodle,7
Dachshund Wirehair/Miniature Schnauzer,1
Dachshund Wirehair/Norfolk Terrier,1
Dachshund Wirehair/Pbgv,1
Dachshund Wirehair/Rat Terrier,1
Dachshund Wirehair/Standard Poodle,1
Dachshund Wirehair/Toy Poodle,2
Dachshund/American Staffordshire Terrier,1
Dachshund/Australian Cattle Dog,3
Dachshund/Australian Kelpie,1
Dachshund/Basset Hound,1
Dachshund/Beagle,14
Dachshund/Belgian Malinois,1
Dachshund/Bloodhound,2
Dachshund/Bull Terrier,2
Dachshund/Cardigan Welsh Corgi,2
Dachshund/Catahoula,2
Dachshund/Cavalier Span,1
Dachshund/Chihuahua Longhair,1
Dachshund/Chihuahua Shorthair,69
Dachshund/Chinese Sharpei,1
Dachshund/Dachshund,1
Dachshund/English Bulldog,1
Dachshund/English Foxhound,1
Dachshund/German Pinscher,1
Dachshund/German Shepherd,1
Dachshund/Greyhound,1
Dachshund/Harrier,2
Dachshund/Havanese,1
Dachshund/Jack Russell Terrier,2
Dachshund/Labrador Retriever,4
Dachshund/Manchester Terrier,8
Dachshund/Miniature Pinscher,2
Dachshund/Miniature Poodle,1
Dachshund/Parson Russell Terrier,1
Dachshund/Pembroke Welsh Corgi,1
Dachshund/Pit Bull,3
Dachshund/Pug,1
Dachshund/Rat Terrier,8
Dachshund/Shetland Sheepdog,1
Dachshund/Shih Tzu,1
Dachshund/Whippet,2
Dachshund/Yorkshire Terrier,1
Dalmatian,4
Dalmatian Mix,10
Dalmatian/Australian Cattle Dog,1
Dalmatian/Boxer,1
Dalmatian/Labrador Retriever,1
Doberman Pinsch,16
Doberman Pinsch Mix,45
Doberman Pinsch/Australian Cattle Dog,1
Doberman Pinsch/Border Collie,1
Doberman Pinsch/German Shepherd,1
Doberman Pinsch/Labrador Retriever,3
Doberman Pinsch/Pit Bull,2
Doberman Pinsch/Rottweiler,1
Doberman Pinsch/Vizsla,1
Dogo Argentino,2
Dogo Argentino Mix,13
Dogo Argentino/Chinese Sharpei,1
Dogo Argentino/Labrador Retriever,1
Dogue De Bordeaux Mix,4
Dogue De Bordeaux/American Bulldog,1
Dutch Shepherd,1
Dutch Shepherd Mix,7
Dutch Shepherd/Anatol Shepherd,1
English Bulldog,12
English Bulldog Mix,24
English Bulldog/American Bulldog,1
English Bulldog/American Staffordshire Terrier,1
English Bulldog/Beagle,1
English Bulldog/Boxer,1
English Bulldog/Cairn Terrier,1
English Bulldog/Dachshund,1
English Bulldog/Pit Bull,1
English Cocker Spaniel Mix,1
English Coonhound Mix,5
English Coonhound/Australian Cattle Dog,1
English Coonhound/Border Collie,1
English Coonhound/Italian Greyhound,1
English Foxhound,2
English Foxhound Mix,1
English Pointer,1
English Pointer Mix,14
English Setter Mix,2
English Shepherd,1
English Shepherd Mix,2
English Springer Spaniel,2
English Springer Spaniel Mix,4
English Springer Spaniel/Beagle,1
English Springer Spaniel/Cardigan Welsh Corgi,1
Entlebucher Mix,1
Feist Mix,6
Field Spaniel Mix,2
Finnish Spitz,2
Finnish Spitz Mix,7
Finnish Spitz/Chow Chow,1
Finnish Spitz/Dachshund,1
Flat Coat Retriever Mix,37
Flat Coat Retriever/Australian Cattle Dog,1
Flat Coat Retriever/German Shepherd,1
Flat Coat Retriever/Golden Retriever,1
Flat Coat Retriever/Labrador Retriever,1
Flat Coat Retriever/Papillon,5
Flat Coat Retriever/Pit Bull,2
French Bulldog,1
French Bulldog Mix,6
French Bulldog/Chihuahua Shorthair,2
French Bulldog/English Bulldog,1
French Bulldog/Miniature Schnauzer,1
German Pinscher Mix,1
German Pinscher/Whippet,1
German Shepherd,77
German Shepherd Mix,575
German Shepherd/Akita,1
German Shepherd/Alaskan Husky,3
German Shepherd/Alaskan Malamute,5
German Shepherd/Anatol Shepherd,2
German Shepherd/Australian Cattle Dog,9
German Shepherd/Australian Kelpie,1
German Shepherd/Australian Shepherd,2
German Shepherd/Black Mouth Cur,1
German Shepherd/Black/Tan Hound,1
German Shepherd/Border Collie,7
German Shepherd/Boxer,7
German Shepherd/Bull Terrier,1
German Shepherd/Cardigan Welsh Corgi,4
German Shepherd/Catahoula,4
German Shepherd/Chinese Sharpei,4
German Shepherd/Chow Chow,10
German Shepherd/Collie Rough,4
German Shepherd/Collie Smooth,2
German Shepherd/Doberman Pinsch,3
German Shepherd/Golden Retriever,3
German Shepherd/Great Dane,1
German Shepherd/Great Pyrenees,2
German Shepherd/Greyhound,1
German Shepherd/Labrador Retriever,64
German Shepherd/Mastiff,6
German Shepherd/Nova Scotia Duck Tolling Retriever,1
German Shepherd/Pembroke Welsh Corgi,2
German Shepherd/Pit Bull,3
German Shepherd/Redbone Hound,1
German Shepherd/Rottweiler,7
German Shepherd/Siberian Husky,11
German Shepherd/Swedish Vallhund,1
German Shorthair Pointer,4
German Shorthair Pointer Mix,19
German Shorthair Pointer/Australian Cattle Dog,1
German Wirehaired Pointer,2
German Wirehaired Pointer Mix,3
Glen Of Imaal Mix,3
Glen Of Imaal/Ibizan Hound,1
Golden Retriever,13
Golden Retriever Mix,66
Golden Retriever/Akita,1
Golden Retriever/Australian Cattle Dog,1
Golden Retriever/Australian Shepherd,1
Golden Retriever/Beagle,1
Golden Retriever/Border Collie,2
Golden Retriever/Brittany,1
Golden Retriever/Chow Chow,5
Golden Retriever/Dachshund,1
Golden Retriever/Finnish Spitz,1
Golden Retriever/German Shepherd,2
Golden Retriever/Great Pyrenees,1
Golden Retriever/Labrador Retriever,5
Golden Retriever/Pembroke Welsh Corgi,1
Golden Retriever/Pit Bull,1
Golden Retriever/Standard Poodle,3
Golden Retriever/Whippet,1
Great Dane,9
Great Dane Mix,21
Great Dane/Australian Cattle Dog,1
Great Dane/Boxer,1
Great Dane/German Shepherd,1
Great Dane/Labrador Retriever,6
Great Dane/Mastiff,2
Great Dane/Pit Bull,1
Great Dane/Staffordshire,1
Great Pyrenees,14
Great Pyrenees Mix,86
Great Pyrenees/Anatol Shepherd,4
Great Pyrenees/Australian Cattle Dog,2
Great Pyrenees/Australian Shepherd,1
Great Pyrenees/Border Collie,6
Great Pyrenees/Boxer,1
Great Pyrenees/Catahoula,2
Great Pyrenees/Collie Rough,1
Great Pyrenees/English Setter,1
Great Pyrenees/German Shepherd,1
Great Pyrenees/Labrador Retriever,7
Great Pyrenees/Pit Bull,1
Great Pyrenees/Pointer,1
Great Pyrenees/Rottweiler,1
Great Pyrenees/Siberian Husky,1
Great Pyrenees/Standard Poodle,1
Greater Swiss Mountain Dog Mix,4
Greyhound,7
Greyhound Mix,8
Greyhound/Dalmatian,1
Greyhound/Great Dane,1
Greyhound/Labrador Retriever,1
Harrier,2
Harrier Mix,15
Harrier/Catahoula,2
Harrier/Labrador Retriever,1
Harrier/Pointer,1
Havanese,1
Havanese Mix,10
Hovawart Mix,1
Ibizan Hound Mix,2
Ibizan Hound/Pit Bull,1
Irish Setter/Pit Bull,3
Irish Terrier Mix,5
Irish Terrier/Labrador Retriever,1
Irish Wolfhound Mix,3
Irish Wolfhound/Australian Shepherd,1
Irish Wolfhound/Great Dane,1
Irish Wolfhound/Great Pyrenees,1
Italian Greyhound,1
Italian Greyhound Mix,12
Italian Greyhound/Beagle,1
Italian Greyhound/Chihuahua Shorthair,1
Jack Russell Terrier,16
Jack Russell Terrier Mix,146
Jack Russell Terrier/American Staffordshire Terrier,1
Jack Russell Terrier/Australian Cattle Dog,6
Jack Russell Terrier/Basenji,1
Jack Russell Terrier/Basset Hound,1
Jack Russell Terrier/Beagle,4
Jack Russell Terrier/Border Collie,1
Jack Russell Terrier/Boston Terrier,1
Jack Russell Terrier/Cairn Terrier,2
Jack Russell Terrier/Cardigan Welsh Corgi,1
Jack Russell Terrier/Cavalier Span,1
Jack Russell Terrier/Chihuahua Shorthair,12
Jack Russell Terrier/Dachshund,5
Jack Russell Terrier/Dachshund Wirehair,1
Jack Russell Terrier/Italian Greyhound,1
Jack Russell Terrier/Labrador Retriever,2
Jack Russell Terrier/Miniature Poodle,2
Jack Russell Terrier/Miniature Schnauzer,1
Jack Russell Terrier/Papillon,1
Jack Russell Terrier/Pit Bull,5
Jack Russell Terrier/Pointer,1
Jack Russell Terrier/Pug,2
Jack Russell Terrier/Rat Terrier,2
Jack Russell Terrier/Shih Tzu,3
Jack Russell Terrier/Unknown,1
Jack Russell Terrier/Welsh Terrier,1
Jack Russell Terrier/Whippet,1
Japanese Chin,1
Japanese Chin Mix,2
Jindo Mix,3
Keeshond,1
Keeshond Mix,5
Kuvasz/Labrador Retriever,1
Labrador Retriever,69
Labrador Retriever Mix,1363
Labrador Retriever/Alaskan Husky,1
Labrador Retriever/American Bulldog,2
Labrador Retriever/American Pit Bull Terrier,1
Labrador Retriever/American Staffordshire Terrier,1
Labrador Retriever/Anatol Shepherd,12
Labrador Retriever/Australian Cattle Dog,29
Labrador Retriever/Australian Kelpie,3
Labrador Retriever/Australian Shepherd,17
Labrador Retriever/Basset Hound,9
Labrador Retriever/Beagle,14
Labrador Retriever/Beauceron,1
Labrador Retriever/Black Mouth Cur,3
Labrador Retriever/Black/Tan Hound,4
Labrador Retriever/Blue Lacy,8
Labrador Retriever/Border Collie,37
Labrador Retriever/Border Terrier,2
Labrador Retriever/Boston Terrier,1
Labrador Retriever/Boxer,21
Labrador Retriever/Catahoula,11
Labrador Retriever/Chesa Bay Retr,1
Labrador Retriever/Chinese Sharpei,10
Labrador Retriever/Chow Chow,20
Labrador Retriever/Cocker Spaniel,2
Labrador Retriever/Collie Rough,2
Labrador Retriever/Collie Smooth,2
Labrador Retriever/Dachshund,3
Labrador Retriever/Dalmatian,2
Labrador Retriever/Doberman Pinsch,4
Labrador Retriever/English Pointer,1
Labrador Retriever/Flat Coat Retriever,4
Labrador Retriever/German Shepherd,56
Labrador Retriever/Golden Retriever,5
Labrador Retriever/Great Dane,6
Labrador Retriever/Great Pyrenees,19
Labrador Retriever/Greyhound,3
Labrador Retriever/Harrier,1
Labrador Retriever/Jack Russell Terrier,3
Labrador Retriever/Labrador Retriever,1
Labrador Retriever/Mastiff,1
Labrador Retriever/Miniature Poodle,2
Labrador Retriever/Newfoundland,2
Labrador Retriever/Pembroke Welsh Corgi,2
Labrador Retriever/Pit Bull,81
Labrador Retriever/Plott Hound,15
Labrador Retriever/Pointer,18
Labrador Retriever/Queensland Heeler,3
Labrador Retriever/Redbone Hound,2
Labrador Retriever/Rhod Ridgeback,6
Labrador Retriever/Rottweiler,10
Labrador Retriever/Siberian Husky,6
Labrador Retriever/Spanish Water Dog,1
Labrador Retriever/St. Bernard Rough Coat,1
Labrador Retriever/Staffordshire,4
Labrador Retriever/Standard Poodle,3
Labrador Retriever/Standard Schnauzer,1
Labrador Retriever/Vizsla,2
Labrador Retriever/Weimaraner,1
Landseer Mix,6
Leonberger,1
Leonberger Mix,8
Lhasa Apso,11
Lhasa Apso Mix,41
Lhasa Apso/Cairn Terrier,1
Lhasa Apso/Cocker Spaniel,1
Lhasa Apso/Dachshund,1
Lhasa Apso/Havanese,1
Lhasa Apso/Miniature Poodle,6
Lhasa Apso/Miniature Schnauzer,2
Lhasa Apso/Pbgv,1
Lhasa Apso/Shih Tzu,3
Lhasa Apso/West Highland,1
Lhasa Apso/Yorkshire Terrier,1
Lowchen Mix,1
Maltese,19
Maltese Mix,49
Maltese/Border Terrier,1
Maltese/Chihuahua Shorthair,1
Maltese/Cocker Spaniel,1
Maltese/Dachshund,1
Maltese/Jack Russell Terrier,1
Maltese/Miniature Poodle,29
Maltese/Papillon,1
Maltese/Shih Tzu,2
Maltese/Toy Poodle,3
Maltese/Yorkshire,1
Maltese/Yorkshire Terrier,2
Manchester Terrier Mix,40
Manchester Terrier/Australian Kelpie,2
Manchester Terrier/Beagle,4
Manchester Terrier/Chihuahua Shorthair,2
Manchester Terrier/Dachshund,4
Manchester Terrier/Jack Russell Terrier,2
Manchester Terrier/Norfolk Terrier,1
Manchester Terrier/Toy Fox Terrier,1
Mastiff Mix,23
Mastiff/Boxer,1
Mastiff/Chinese Sharpei,7
Mastiff/Labrador Retriever,1
Mastiff/Pit Bull,1
Mastiff/Rottweiler,3
Mexican Hairless Mix,1
Miniature Pinscher,15
Miniature Pinscher Mix,69
Miniature Pinscher/Australian Cattle Dog,1
Miniature Pinscher/Chihuahua Shorthair,15
Miniature Pinscher/Maltese,1
Miniature Pinscher/Pomeranian,1
Miniature Poodle,21
Miniature Poodle Mix,233
Miniature Poodle/Australian Cattle Dog,1
Miniature Poodle/Bichon Frise,2
Miniature Poodle/Chihuahua Shorthair,2
Miniature Poodle/Cocker Spaniel,5
Miniature Poodle/Dachshund,4
Miniature Poodle/English Cocker Spaniel,1
Miniature Poodle/Golden Retriever,1
Miniature Poodle/Havanese,1
Miniature Poodle/Italian Greyhound,1
Miniature Poodle/Labrador Retriever,2
Miniature Poodle/Lhasa Apso,2
Miniature Poodle/Maltese,9
Miniature Poodle/Miniature Schnauzer,19
Miniature Poodle/Pomeranian,1
Miniature Poodle/Shih Tzu,1
Miniature Poodle/Yorkshire Terrier,4
Miniature Schnauzer,22
Miniature Schnauzer Mix,136
Miniature Schnauzer/Australian Cattle Dog,1
Miniature Schnauzer/Cairn Terrier,2
Miniature Schnauzer/Chihuahua Shorthair,3
Miniature Schnauzer/Jack Russell Terrier,1
Miniature Schnauzer/Labrador Retriever,1
Miniature Schnauzer/Lhasa Apso,1
Miniature Schnauzer/Maltese,1
Miniature Schnauzer/Miniature Poodle,41
Miniature Schnauzer/Queensland Heeler,1
Miniature Schnauzer/Scottish Terrier,1
Miniature Schnauzer/Shih Tzu,1
Miniature Schnauzer/Soft Coated Wheaten Terrier,1
Miniature Schnauzer/West Highland,1
Miniature Schnauzer/Whippet,1
Miniature Schnauzer/Yorkshire Terrier,5
Neapolitan Mastiff Mix,2
Newfoundland Mix,6
Newfoundland/Australian Cattle Dog,1
Newfoundland/Border Collie,1
Newfoundland/Great Pyrenees,1
Newfoundland/Labrador Retriever,2
Newfoundland/Queensland Heeler,1
Norfolk Terrier,1
Norfolk Terrier Mix,21
Norfolk Terrier/Border Terrier,1
Norfolk Terrier/Cairn Terrier,1
Norfolk Terrier/Chihuahua Shorthair,1
Norfolk Terrier/Dachshund,1
Norfolk Terrier/Dachshund Wirehair,1
Norfolk Terrier/Yorkshire Terrier,3
Norwegian Elkhound Mix,1
Norwich Terrier Mix,15
Norwich Terrier/Border Terrier,1
Norwich Terrier/Cairn Terrier,1
Norwich Terrier/Pug,1
Nova Scotia Duck Tolling Retriever,1
Nova Scotia Duck Tolling Retriever Mix,1
Nova Scotia Duck Tolling Retriever/Golden Retriever,1
Old English Bulldog Mix,3
Old English Sheepdog,2
Otterhound Mix,1
Papillon,1
Papillon Mix,13
Papillon/Australian Cattle Dog,1
Papillon/Border Collie,1
Papillon/Chihuahua Shorthair,1
Papillon/Pomeranian,1
Papillon/Skye Terrier,1
Parson Russell Terrier,4
Parson Russell Terrier Mix,18
Parson Russell Terrier/Chihuahua Shorthair,1
Patterdale Terr Mix,5
Patterdale Terr/Chihuahua Shorthair,1
Pbgv,6
Pbgv Mix,7
Pekingese,5
Pekingese Mix,26
Pekingese/Cavalier Span,1
Pekingese/Chihuahua Shorthair,1
Pekingese/Dachshund,1
Pekingese/Jack Russell Terrier,1
Pekingese/Lhasa Apso,1
Pekingese/Miniature Poodle,1
Pekingese/Pug,1
Pembroke Welsh Corgi,4
Pembroke Welsh Corgi Mix,18
Pembroke Welsh Corgi/Australian Shepherd,1
Pembroke Welsh Corgi/Basset Hound,1
Pembroke Welsh Corgi/Brittany,1
Pembroke Welsh Corgi/Chihuahua Shorthair,1
Pembroke Welsh Corgi/Dachshund,1
Pembroke Welsh Corgi/German Shepherd,1
Pembroke Welsh Corgi/Golden Retriever,1
Pembroke Welsh Corgi/Pit Bull,1
Pharaoh Hound,2
Pharaoh Hound Mix,9
Pharaoh Hound/Australian Cattle Dog,1
Pharaoh Hound/Border Collie,1
Picardy Sheepdog Mix,3
Pit Bull,66
Pit Bull Mix,1906
Pit Bull/American Bulldog,1
Pit Bull/American Foxhound,1
Pit Bull/Australian Cattle Dog,9
Pit Bull/Basset Hound,4
Pit Bull/Beagle,2
Pit Bull/Black Mouth Cur,1
Pit Bull/Blue Lacy,1
Pit Bull/Border Collie,1
Pit Bull/Border Terrier,1
Pit Bull/Boston Terrier,2
Pit Bull/Boxer,18
Pit Bull/Bull Terrier,1
Pit Bull/Bulldog,2
Pit Bull/Cardigan Welsh Corgi,1
Pit Bull/Catahoula,8
Pit Bull/Chihuahua Shorthair,6
Pit Bull/Chinese Sharpei,12
Pit Bull/Chow Chow,1
Pit Bull/Dachshund,1
Pit Bull/Dalmatian,2
Pit Bull/Dogue De Bordeaux,1
Pit Bull/English Bulldog,2
Pit Bull/Flat Coat Retriever,2
Pit Bull/German Shepherd,5
Pit Bull/Labrador Retriever,30
Pit Bull/Mastiff,3
Pit Bull/Pit Bull,2
Pit Bull/Plott Hound,4
Pit Bull/Pointer,7
Pit Bull/Pug,1
Pit Bull/Queensland Heeler,1
Pit Bull/Rhod Ridgeback,1
Pit Bull/Rottweiler,2
Pit Bull/Siberian Husky,2
Pit Bull/St. Bernard Smooth Coat,1
Pit Bull/Weimaraner,2
Plott Hound,4
Plott Hound Mix,73
Plott Hound/Australian Cattle Dog,1
Plott Hound/Black/Tan Hound,1
Plott Hound/Blue Lacy,1
Plott Hound/Boxer,2
Plott Hound/Carolina Dog,1
Plott Hound/Labrador Retriever,10
Plott Hound/Pit Bull,2
Plott Hound/Rhod Ridgeback,1
Podengo Pequeno Mix,5
Pointer,3
Pointer Mix,93
Pointer/American Pit Bull Terrier,3
Pointer/Anatol Shepherd,1
Pointer/Australian Cattle Dog,3
Pointer/Blue Lacy,1
Pointer/Border Collie,3
Pointer/Boxer,2
Pointer/Brittany,1
Pointer/Bull Terrier,1
Pointer/Catahoula,4
Pointer/Chinese Sharpei,1
Pointer/Collie Smooth,1
Pointer/Harrier,2
Pointer/Jack Russell Terrier,1
Pointer/Labrador Retriever,12
Pointer/Pit Bull,4
Pointer/Queensland Heeler,1
Pointer/Rhod Ridgeback,1
Pointer/Staffordshire,1
Pomeranian,9
Pomeranian Mix,39
Pomeranian/Border Terrier,1
Pomeranian/Chihuahua Longhair,4
Pomeranian/Chihuahua Shorthair,2
Pomeranian/Jack Russell Terrier,1
Pomeranian/Schipperke,1
Port Water Dog Mix,2
Presa Canario,1
Presa Canario Mix,2
Pug,25
Pug Mix,49
Pug/Beagle,11
Pug/Border Terrier,1
Pug/Chihuahua Shorthair,17
Pug/Italian Greyhound,1
Pug/Labrador Retriever,2
Pug/Pekingese,1
Pug/Pit Bull,1
Pug/Pomeranian,1
Pug/Schipperke,1
Pug/Staffordshire,1
Queensland Heeler,1
Queensland Heeler Mix,51
Queensland Heeler/Basset Hound,1
Queensland Heeler/Border Collie,1
Queensland Heeler/Chihuahua Shorthair,1
Queensland Heeler/Dachshund,1
Queensland Heeler/Great Dane,1
Queensland Heeler/Pit Bull,2
Queensland Heeler/Pointer,1
Queensland Heeler/Shetland Sheepdog,1
Rat Terrier,13
Rat Terrier Mix,157
Rat Terrier/Australian Cattle Dog,2
Rat Terrier/Basenji,1
Rat Terrier/Beagle,4
Rat Terrier/Boston Terrier,3
Rat Terrier/Cardigan Welsh Corgi,3
Rat Terrier/Chihuahua Longhair,1
Rat Terrier/Chihuahua Shorthair,22
Rat Terrier/Dachshund,2
Rat Terrier/Jack Russell Terrier,1
Rat Terrier/Miniature Poodle,2
Rat Terrier/Pit Bull,1
Rat Terrier/Pointer,1
Rat Terrier/Pug,1
Rat Terrier/Queensland Heeler,1
Redbone Hound,1
Redbone Hound Mix,21
Redbone Hound/Anatol Shepherd,1
Redbone Hound/Labrador Retriever,1
Redbone Hound/Redbone Hound,1
Rhod Ridgeback,4
Rhod Ridgeback Mix,25
Rhod Ridgeback/German Shepherd,1
Rhod Ridgeback/Labrador Retriever,5
Rhod Ridgeback/Pit Bull,2
Rhod Ridgeback/Plott Hound,1
Rottweiler,39
Rottweiler Mix,113
Rottweiler/Australian Cattle Dog,3
Rottweiler/Basset Hound,1
Rottweiler/Beagle,1
Rottweiler/Chow Chow,3
Rottweiler/German Shepherd,9
Rottweiler/Labrador Retriever,10
Rottweiler/Pit Bull,1
Rottweiler/Rhod Ridgeback,1
Saluki,1
Saluki Mix,3
Saluki/Labrador Retriever,1
Samoyed Mix,3
Schipperke Mix,7
Schipperke/Chihuahua Shorthair,2
Schnauzer Giant Mix,4
Scottish Terrier Mix,2
Scottish Terrier/Basset Hound,1
Scottish Terrier/Cairn Terrier,1
Scottish Terrier/Miniature Poodle,1
Sealyham Terr Mix,1
Shetland Sheepdog,5
Shetland Sheepdog Mix,22
Shetland Sheepdog/Basenji,1
Shetland Sheepdog/Border Collie,1
Shetland Sheepdog/Brittany,1
Shetland Sheepdog/Cardigan Welsh Corgi,1
Shetland Sheepdog/Cavalier Span,1
Shetland Sheepdog/Chihuahua Longhair,2
Shetland Sheepdog/Dachshund Longhair,1
Shetland Sheepdog/Keeshond,1
Shetland Sheepdog/Pomeranian,1
Shiba Inu,2
Shiba Inu Mix,17
Shiba Inu/Dachshund,1
Shiba Inu/Siberian Husky,1
Shih Tzu,53
Shih Tzu Mix,100
Shih Tzu/Affenpinscher,1
Shih Tzu/Australian Shepherd,1
Shih Tzu/Cardigan Welsh Corgi,1
Shih Tzu/Cavalier Span,1
Shih Tzu/Cocker Spaniel,2
Shih Tzu/Dachshund,1
Shih Tzu/Havanese,3
Shih Tzu/Maltese,2
Shih Tzu/Miniature Poodle,6
Shih Tzu/Miniature Schnauzer,2
Shih Tzu/Norfolk Terrier,1
Shih Tzu/Pekingese,1
Shih Tzu/Yorkshire Terrier,1
Siberian Husky,30
Siberian Husky Mix,138
Siberian Husky/Anatol Shepherd,1
Siberian Husky/Australian Cattle Dog,2
Siberian Husky/Australian Shepherd,1
Siberian Husky/Beagle,1
Siberian Husky/Border Collie,2
Siberian Husky/Catahoula,1
Siberian Husky/German Shepherd,11
Siberian Husky/Labrador Retriever,5
Siberian Husky/Pit Bull,2
Silky Terrier Mix,7
Silky Terrier/Yorkshire Terrier,1
Skye Terrier Mix,3
Skye Terrier/Miniature Poodle,1
Smooth Fox Terrier Mix,10
Soft Coated Wheaten Terrier,3
Soft Coated Wheaten Terrier Mix,23
Soft Coated Wheaten Terrier/Labrador Retriever,1
Soft Coated Wheaten Terrier/Standard Poodle,1
Soft Coated Wheaten Terrier/Yorkshire Terrier,1
Spanish Mastiff Mix,1
Spinone Italiano Mix,1
St. Bernard Rough Coat,1
St. Bernard Rough Coat Mix,5
St. Bernard Rough Coat/Border Collie,1
St. Bernard Rough Coat/German Shepherd,1
St. Bernard Rough Coat/Labrador Retriever,1
St. Bernard Rough Coat/Standard Schnauzer,1
St. Bernard Smooth Coat,1
St. Bernard Smooth Coat Mix,10
St. Bernard Smooth Coat/Anatol Shepherd,1
Staffordshire,8
Staffordshire Mix,94
Staffordshire/Beagle,1
Staffordshire/Blue Lacy,1
Staffordshire/Boston Terrier,2
Staffordshire/Boxer,1
Staffordshire/Bull Terrier,2
Staffordshire/English Bulldog,1
Staffordshire/French Bulldog,1
Staffordshire/Labrador Retriever,1
Standard Poodle,4
Standard Poodle Mix,11
Standard Poodle/Labrador Retriever,4
Standard Poodle/Whippet,1
Standard Schnauzer,3
Standard Schnauzer Mix,12
Standard Schnauzer/Border Terrier,1
Standard Schnauzer/Toy Poodle,1
Swedish Vallhund Mix,5
Swedish Vallhund/Miniature Poodle,1
Swiss Hound/Pit Bull,1
Tibetan Spaniel,1
Tibetan Spaniel Mix,3
Tibetan Terrier Mix,6
Tibetan Terrier/Lhasa Apso,2
Toy Fox Terrier Mix,7
Toy Fox Terrier/Dachshund,1
Toy Poodle,7
Toy Poodle Mix,36
Toy Poodle/Maltese,1
Toy Poodle/Yorkshire Terrier,1
Treeing Cur Mix,4
Treeing Tennesse Brindle,1
Treeing Walker Coonhound Mix,8
Treeing Walker Coonhound/Labrador Retriever,1
Unknown Mix,2
Vizsla,4
Vizsla Mix,7
Vizsla/Boxer,1
Vizsla/Catahoula,1
Vizsla/Golden Retriever,2
Vizsla/Rhod Ridgeback,1
Vizsla/Staffordshire,1
Weimaraner,4
Weimaraner Mix,19
Weimaraner/Labrador Retriever,3
Weimaraner/Pit Bull,1
Welsh Springer Spaniel,1
Welsh Springer Spaniel Mix,1
Welsh Terrier Mix,5
West Highland,5
West Highland Mix,14
West Highland/Cairn Terrier,2
West Highland/Chihuahua Shorthair,1
Whippet Mix,21
Whippet/Australian Cattle Dog,1
Whippet/Australian Kelpie,1
Whippet/Beagle,1
Whippet/Borzoi,1
Whippet/Chihuahua Shorthair,1
Whippet/Dachshund,2
Whippet/Jack Russell Terrier,1
Whippet/Labrador Retriever,2
Whippet/Miniature Pinscher,1
Whippet/Shetland Sheepdog,1
Whippet/Whippet,1
Wire Hair Fox Terrier,2
Wire Hair Fox Terrier Mix,12
Wire Hair Fox Terrier/Beagle,2
Wire Hair Fox Terrier/Chihuahua Shorthair,4
Wire Hair Fox Terrier/German Shepherd,1
Wirehaired Pointing Griffon Mix,2
Yorkshire Terrier,24
Yorkshire Terrier Mix,143
Yorkshire Terrier/Border Terrier,3
Yorkshire Terrier/Bruss Griffon,1
Yorkshire Terrier/Cairn Terrier,6
Yorkshire Terrier/Chihuahua Longhair,7
Yorkshire Terrier/Chihuahua Shorthair,9
Yorkshire Terrier/Dachshund Wirehair,1
Yorkshire Terrier/Maltese,4
Yorkshire Terrier/Miniature Poodle,12
Yorkshire Terrier/Miniature Schnauzer,8
Yorkshire Terrier/Norfolk Terrier,1
Yorkshire Terrier/Parson Russell Terrier,1
Yorkshire Terrier/Pomeranian,1
Yorkshire Terrier/Rat Terrier,4
Yorkshire Terrier/Toy Poodle,1
